,off_total_yds_g,off_pass_yds_g,off_rush_yds_g,off_pts_g,def_total_yds_g,def_pass_yds_g,def_rush_yds_g,def_pts_g,kick_att,kick_yds,kick_avg,kick_lng,kick_td,punt_att,punt_yds,punt_avg,punt_lng,punt_td,punt_fc,turn_diff,take_int,take_fum,take_total,give_int,give_fum,give_total,record,rat,pwr,off,def,hfa,sos,Year,Playoff
0,413.6,297.8,115.9,29.2,337.8,234.8,103.0,23.5,29,549,18.9,31,0,19,111,5.8,15,0,29,-7,8,6,14,15,6,21,0.5,8.47,0.39,23.59,-0.46,1.54,1.01,2022,1
1,397.6,258.1,139.5,28.4,300.6,222.9,77.7,16.3,26,599,23.0,39,0,33,356,10.8,35,0,21,13,20,10,30,9,8,17,0.75,9.0,6.21,24.83,4.13,1.48,-0.75,2022,1
2,389.1,241.5,147.6,28.1,328.2,220.9,107.2,21.7,36,692,19.2,48,0,36,241,6.7,22,0,13,-3,11,9,20,12,11,23,0.85,9.29,6.84,29.36,0.22,1.48,1.13,2022,1
3,380.0,251.8,128.2,26.6,341.1,226.0,115.1,22.6,33,663,20.1,34,0,25,183,7.3,22,0,19,-1,16,6,22,15,8,23,0.294,8.13,-1.36,20.3,1.08,1.42,0.74,2022,0
4,365.6,226.8,138.8,26.5,301.5,179.8,121.6,20.2,30,663,22.1,66,0,35,323,9.2,27,0,18,8,17,10,27,9,10,19,0.8,9.12,6.69,28.36,1.08,1.55,0.21,2022,1
5,364.5,265.4,99.2,23.4,319.1,214.6,104.6,17.9,36,908,25.2,101,2,29,276,9.5,28,0,18,0,17,10,27,14,13,27,0.778,9.03,6.28,27.13,1.9,1.47,0.53,2022,1
6,361.5,263.8,97.7,24.9,346.1,200.4,145.8,22.6,27,512,19.0,33,0,29,339,11.7,28,0,17,5,14,10,24,10,9,19,0.556,8.46,0.69,24.41,-0.98,1.41,-0.61,2022,1
7,360.5,265.0,95.5,26.1,392.4,245.8,146.5,25.1,34,889,26.1,52,0,20,264,13.2,47,1,20,7,12,10,22,7,8,15,0.529,8.41,0.04,25.35,-2.57,1.46,-0.17,2022,0
8,359.3,269.6,89.6,23.0,388.7,265.6,123.1,25.1,36,920,25.6,97,1,26,167,6.4,25,0,14,2,15,10,25,15,8,23,0.722,8.6,-1.17,25.1,-3.53,1.47,-0.78,2022,1
9,357.4,232.9,124.5,23.8,379.5,209.3,170.2,24.7,22,513,23.3,50,0,37,362,9.8,31,0,18,-1,16,11,27,19,9,28,0.206,7.72,-7.31,18.16,-2.72,1.39,-0.73,2022,0
10,354.9,219.8,135.2,27.5,330.2,200.9,129.3,20.1,22,526,23.9,63,0,29,303,10.4,52,0,26,10,16,17,33,18,5,23,0.684,8.88,5.93,27.01,1.67,1.51,0.36,2022,1
11,352.5,231.4,121.1,23.2,348.9,230.3,118.6,26.4,31,686,22.1,44,0,35,289,8.3,28,0,11,-5,11,9,20,17,8,25,0.235,7.91,-4.24,20.77,-2.26,1.34,0.46,2022,0
12,351.5,231.4,120.1,23.9,324.3,232.2,92.1,18.5,27,659,24.4,103,1,20,214,10.7,46,0,20,4,14,11,25,13,8,21,0.556,8.63,2.29,21.2,3.84,1.44,0.63,2022,1
13,349.1,202.6,146.5,21.2,375.9,218.6,157.3,27.2,38,996,26.2,63,0,23,198,8.6,27,0,10,-2,14,9,23,15,10,25,0.176,7.71,-6.47,19.62,-3.35,1.49,0.06,2022,0
14,346.7,269.8,76.9,18.4,320.0,210.2,109.8,21.1,24,420,17.5,29,0,37,308,8.3,30,0,16,-1,15,8,23,15,9,24,0.294,8.04,-3.03,18.62,1.1,1.47,-0.42,2022,0
15,338.8,178.8,160.0,20.6,353.3,238.5,114.8,20.6,29,721,24.9,54,0,29,230,7.9,22,0,14,5,14,13,27,9,13,22,0.526,8.42,-0.73,22.7,-0.69,1.46,-0.69,2022,1
16,337.9,213.6,124.3,21.8,304.6,191.3,113.3,20.2,41,902,22.0,45,0,44,336,7.6,19,0,26,-5,9,9,18,16,7,23,0.5,8.35,-1.44,19.74,1.58,1.39,-0.09,2022,0
17,333.9,185.7,148.2,21.5,334.0,209.9,124.1,25.1,43,1197,27.8,89,0,34,289,8.5,24,0,21,-13,10,11,21,20,14,34,0.265,7.82,-5.44,19.73,-2.42,1.46,-0.65,2022,0
18,333.8,217.2,116.6,19.4,322.0,216.5,105.5,20.4,36,856,23.8,46,0,39,418,10.7,84,1,10,7,19,11,30,14,9,23,0.471,8.42,1.34,22.11,1.98,1.54,-0.05,2022,0
19,330.3,204.2,126.1,18.9,361.7,211.5,150.2,23.6,30,728,24.3,50,0,16,109,6.8,20,0,19,2,14,11,25,12,11,23,0.5,8.37,-0.35,24.05,-1.65,1.44,-0.23,2022,1
20,325.1,211.3,113.8,16.9,331.2,196.2,135.0,22.4,41,943,23.0,48,0,31,298,9.6,76,1,16,-1,11,9,20,12,9,21,0.412,8.32,-0.34,21.42,0.99,1.47,0.56,2022,0
21,323.5,213.3,110.2,20.0,324.3,203.6,120.7,21.1,28,595,21.3,54,0,38,391,10.3,24,0,28,-2,10,10,20,10,12,22,0.444,8.38,-1.12,20.78,0.84,1.45,1.15,2022,1
22,322.6,200.6,121.9,18.1,314.8,184.4,130.5,20.3,27,595,22.0,33,0,27,243,9.0,42,0,37,-11,7,7,14,14,11,25,0.412,8.35,0.87,20.51,3.11,1.4,-0.02,2022,0
23,318.6,158.8,159.9,21.5,362.1,231.9,130.2,22.7,28,634,22.6,103,1,18,292,16.2,56,0,19,-4,10,7,17,9,12,21,0.412,8.22,-2.41,21.11,-0.78,1.41,-0.21,2022,0
24,318.2,219.0,99.2,17.4,350.2,227.5,122.6,22.0,31,747,24.1,66,0,34,216,6.4,22,0,15,-4,10,7,17,13,8,21,0.412,8.22,-2.4,20.86,-0.52,1.42,-0.11,2022,0
25,314.6,208.0,106.6,21.4,365.6,242.9,122.8,24.6,32,668,20.9,33,0,27,156,5.8,17,0,12,-8,6,7,13,17,4,21,0.353,8.12,-1.55,23.48,-2.28,1.49,-0.34,2022,0
26,311.6,201.9,109.8,17.0,336.5,197.0,139.5,21.8,47,1205,25.6,105,1,35,316,9.0,24,0,16,2,17,7,24,12,10,22,0.471,8.41,2.06,23.57,1.24,1.54,-0.38,2022,0
27,307.8,130.5,177.3,19.2,351.6,274.8,76.9,21.1,37,792,21.4,37,0,36,303,8.4,46,0,24,-3,14,6,20,11,12,23,0.412,8.26,-1.82,19.18,1.74,1.47,-0.17,2022,0
28,306.2,176.2,130.0,20.4,330.4,222.3,108.1,20.4,24,510,21.3,89,0,27,160,5.9,24,0,18,4,20,3,23,14,5,19,0.529,8.55,0.62,20.32,3.05,1.52,0.89,2022,0
29,296.8,171.4,125.4,17.5,311.1,189.4,121.6,18.6,31,666,21.5,42,0,21,240,11.4,22,0,28,-7,12,4,16,14,9,23,0.412,8.33,-3.28,16.9,2.56,1.48,1.61,2022,0
30,283.5,196.7,86.8,17.0,358.2,214.0,144.2,21.8,26,555,21.3,47,0,29,179,6.2,23,0,15,3,6,13,19,6,10,16,0.553,8.46,-2.33,20.59,-0.17,1.35,0.06,2022,1
31,280.5,182.8,97.7,18.1,335.7,229.1,106.6,20.1,29,596,20.6,42,0,33,340,10.3,27,0,19,6,13,11,24,12,6,18,0.737,9.06,6.54,25.69,3.6,1.41,1.32,2022,1
32,407.0,282.4,124.6,31.2,351.0,238.2,112.8,21.1,29,719,24.8,100,1,28,185,6.6,21,0,14,14,26,8,34,11,9,20,0.667,8.84,5.34,27.88,0.98,1.63,0.03,2021,1
33,405.9,307.6,98.4,30.1,331.5,238.9,92.5,20.8,30,592,19.7,41,0,35,250,7.1,43,0,10,10,17,12,29,12,7,19,0.737,9.04,6.71,28.53,1.7,1.58,0.28,2021,1
34,396.8,281.8,115.0,28.2,368.9,251.4,117.6,21.4,30,702,23.4,39,0,19,228,12.0,37,0,10,4,15,14,29,13,12,25,0.7,9.06,7.46,30.25,0.74,1.62,1.36,2021,1
35,390.2,282.4,107.9,27.9,360.1,221.2,138.9,27.0,39,976,25.0,101,1,18,107,5.9,15,0,14,-1,11,10,21,15,7,22,0.529,8.48,0.64,27.6,-3.43,1.54,-0.1,2021,0
36,381.9,252.0,129.9,28.4,272.8,163.0,109.8,17.0,33,790,23.9,75,0,37,316,8.5,26,0,7,8,19,11,30,16,6,22,0.632,8.94,7.96,29.25,2.23,1.61,0.48,2021,1
37,378.8,233.0,145.8,22.8,363.4,278.9,84.5,23.1,32,737,23.0,47,0,26,360,13.8,42,0,24,-11,9,6,15,18,8,26,0.471,8.49,1.32,23.4,1.44,1.61,0.24,2021,0
38,375.7,248.3,127.4,25.1,310.0,206.5,103.5,21.5,34,642,18.9,68,0,34,279,8.2,27,0,17,-4,9,11,20,14,10,24,0.6,8.91,4.71,23.99,4.25,1.54,1.2,2021,1
39,373.6,251.5,122.1,26.4,329.2,214.4,114.8,21.5,29,611,21.1,32,0,26,238,9.2,48,0,16,12,13,14,27,11,4,15,0.611,8.71,1.19,24.38,0.33,1.5,1.1,2021,1
40,372.1,273.1,99.0,27.1,344.9,241.7,103.2,21.9,34,686,20.2,65,0,19,215,11.3,61,1,26,2,19,6,25,18,5,23,0.762,9.23,6.6,26.75,3.38,1.53,1.05,2021,1
41,365.6,253.8,111.8,26.5,328.2,219.1,109.1,21.8,30,531,17.7,41,0,25,199,8.0,23,0,10,13,18,8,26,7,6,13,0.722,8.94,4.38,25.74,2.16,1.7,0.67,2021,1
42,363.8,268.6,95.1,22.0,337.2,222.9,114.3,25.8,35,694,19.8,34,0,32,309,9.7,41,0,20,-9,6,9,15,14,10,24,0.556,8.47,-2.63,22.65,-1.76,1.62,0.03,2021,1
43,362.8,249.3,113.5,25.0,383.6,252.9,130.7,25.1,32,849,26.5,99,2,26,206,7.9,45,0,20,11,16,8,24,7,6,13,0.471,8.44,0.19,25.37,-1.66,1.62,0.43,2021,0
44,361.5,259.0,102.5,27.1,350.8,248.4,102.5,22.1,33,662,20.1,44,0,36,261,7.3,17,0,22,0,13,8,21,14,7,21,0.619,8.81,2.18,24.22,1.48,1.54,-0.09,2021,1
45,359.9,200.2,159.7,26.1,328.8,220.9,107.9,22.6,34,630,18.5,44,0,33,239,7.2,39,0,16,0,12,4,16,10,6,16,0.5,8.45,0.01,23.65,-0.12,1.65,-0.64,2021,1
46,353.4,226.9,126.5,27.2,310.8,187.1,123.7,17.8,25,544,21.8,37,0,28,316,11.3,27,0,12,7,23,7,30,13,10,23,0.556,8.67,4.08,25.06,2.54,1.67,-0.11,2021,1
47,347.1,197.7,149.4,26.5,343.2,234.1,109.1,21.5,33,808,24.5,72,0,23,170,7.4,16,0,14,14,19,14,33,8,11,19,0.529,8.57,2.45,25.03,0.94,1.56,-0.19,2021,0
48,342.5,201.1,141.4,24.6,329.8,245.2,84.6,20.8,40,778,19.5,37,0,30,293,9.8,55,0,21,-3,16,6,22,14,11,25,0.667,8.78,2.32,23.97,1.87,1.63,-0.08,2021,1
49,340.6,195.3,145.4,20.5,311.5,202.3,109.2,21.8,40,828,20.7,35,0,47,337,7.2,24,0,5,-3,13,6,19,14,8,22,0.471,8.42,-1.37,20.62,1.53,1.56,-0.02,2021,0
50,330.5,211.4,119.1,19.7,326.1,214.8,111.3,18.9,18,291,16.2,26,0,28,230,8.2,25,0,14,1,13,6,19,9,9,18,0.412,8.29,-1.26,19.48,2.79,1.6,-1.47,2021,0
51,323.9,201.9,122.0,23.2,379.1,265.5,113.6,21.5,38,894,23.5,44,1,23,192,8.3,22,0,23,5,11,7,18,7,6,13,0.412,8.47,2.77,24.68,1.62,1.62,0.61,2021,0
52,323.6,202.4,121.2,19.7,359.3,254.9,104.4,25.5,36,904,25.1,101,1,16,134,8.4,16,0,19,-5,11,8,19,15,9,24,0.412,8.29,-3.61,20.02,-0.1,1.51,0.63,2021,0
53,322.6,211.6,110.9,19.1,379.8,244.7,135.1,27.5,36,880,24.4,47,0,22,236,10.7,48,0,16,-4,11,8,19,14,9,23,0.206,7.83,-5.69,20.86,-3.02,1.54,0.57,2021,0
54,315.4,222.2,93.1,20.2,361.1,215.1,146.1,23.4,38,849,22.3,40,0,40,370,9.3,23,0,12,2,13,9,22,11,9,20,0.528,8.54,-1.09,22.29,0.14,1.66,1.02,2021,1
55,307.4,188.6,118.7,18.3,316.7,191.6,125.1,23.9,51,1180,23.1,50,0,29,338,11.7,97,1,5,-13,8,8,16,20,9,29,0.353,8.23,-3.37,19.51,0.64,1.63,0.76,2021,0
56,307.0,214.8,92.2,20.1,337.5,227.7,109.8,21.9,19,330,17.4,31,0,29,190,6.6,18,0,19,0,14,12,26,14,12,26,0.529,8.42,-1.61,21.56,0.35,1.64,-1.24,2021,0
57,306.4,208.3,98.1,18.2,397.6,259.4,138.3,29.6,50,1371,27.4,102,1,17,206,12.1,28,0,25,-13,7,7,14,20,7,27,0.235,7.8,-8.42,19.81,-4.7,1.6,-0.33,2021,0
58,305.4,202.1,103.2,14.9,353.1,227.9,125.1,26.9,36,799,22.2,102,1,19,159,8.4,48,0,30,-20,7,2,9,17,12,29,0.176,7.72,-9.57,16.61,-2.65,1.56,0.87,2021,0
59,304.5,187.4,117.1,21.4,318.2,224.8,93.5,19.7,37,838,22.6,39,0,35,349,10.0,34,0,22,7,18,7,25,13,5,18,0.529,8.63,2.96,22.56,3.93,1.52,-0.34,2021,0
60,303.8,218.4,85.4,18.4,364.4,232.5,131.9,27.0,46,999,21.7,38,0,23,189,8.2,23,0,14,-6,12,8,20,15,11,26,0.412,8.17,-5.02,20.5,-2.0,1.52,-0.59,2021,0
61,298.9,190.5,108.4,17.9,305.9,192.1,113.8,23.8,28,620,22.1,39,0,24,213,8.9,22,0,30,-13,9,7,16,21,8,29,0.294,8.02,-5.5,18.8,-0.78,1.52,-0.04,2021,0
62,287.3,188.0,99.3,15.2,354.8,225.8,129.0,24.5,33,683,20.7,38,0,26,197,7.6,26,0,21,-8,15,7,22,20,10,30,0.235,7.93,-7.53,16.12,-0.12,1.49,1.01,2021,0
63,278.1,194.4,83.6,16.5,384.4,242.2,142.2,26.6,43,1006,23.4,98,1,26,188,7.2,20,0,11,3,17,8,25,15,7,22,0.235,7.87,-6.6,19.33,-2.41,1.58,-0.3,2021,0
64,415.8,303.4,112.4,29.6,358.3,236.2,122.1,22.6,25,646,25.8,102,1,28,163,5.8,67,1,15,6,16,6,22,7,9,16,0.842,9.15,5.53,28.27,2.37,1.52,0.83,2020,1
65,396.4,288.8,107.7,31.3,352.5,232.9,119.6,23.4,36,995,27.6,60,0,31,370,11.9,84,1,13,4,15,11,26,11,11,22,0.789,9.02,5.05,28.18,1.98,1.56,0.52,2020,1
66,396.4,228.3,168.1,30.7,398.3,277.4,120.8,27.4,38,767,20.2,42,1,23,208,9.0,40,0,12,11,15,8,23,7,5,12,0.647,8.57,1.47,27.97,-1.38,1.53,-0.5,2020,1
67,393.3,250.6,142.7,26.9,393.3,258.8,134.4,29.7,33,722,21.9,38,0,16,69,4.3,13,0,11,-1,15,7,22,13,10,23,0.438,8.26,-0.66,26.7,-2.24,1.55,0.36,2020,0
68,389.0,256.6,132.4,31.8,334.0,221.2,112.8,23.1,33,623,18.9,34,0,11,53,4.8,11,0,19,7,11,7,18,5,6,11,0.778,9.02,5.95,29.49,1.58,1.61,0.78,2020,1
69,384.6,244.8,139.8,25.6,351.9,226.4,125.5,22.9,24,525,21.9,54,0,25,136,5.4,24,0,15,0,11,10,21,13,8,21,0.5,8.38,0.26,24.92,0.46,1.48,-0.18,2020,0
70,384.1,289.1,94.9,30.8,327.1,246.6,80.6,22.2,25,546,21.8,34,0,30,176,5.9,21,0,14,8,15,10,25,12,5,17,0.75,9.21,8.7,30.41,3.41,1.46,2.1,2020,1
71,383.3,263.6,119.8,27.1,389.1,263.3,125.8,29.9,22,418,19.0,44,0,23,265,11.5,32,0,10,-11,10,5,15,10,16,26,0.5,8.26,-3.38,25.92,-4.18,1.54,0.26,2020,0
72,382.1,270.6,111.5,24.0,343.4,223.6,119.8,26.6,42,924,22.0,76,0,18,100,5.6,30,0,15,3,12,7,19,10,6,16,0.438,8.21,-1.63,24.25,-0.76,1.44,-0.51,2020,0
73,378.1,253.3,124.8,28.2,332.1,241.6,90.5,22.6,43,1111,25.8,101,1,31,312,10.1,26,0,15,10,15,10,25,11,4,15,0.647,8.58,1.65,26.08,0.69,1.52,-1.21,2020,1
74,377.0,250.9,126.1,23.3,281.9,190.7,91.3,18.5,25,516,20.6,41,0,34,235,6.9,34,0,28,-3,14,8,22,14,11,25,0.611,8.74,3.95,24.36,4.71,1.47,0.55,2020,1
75,376.4,234.9,141.6,30.1,310.9,217.0,93.9,21.1,30,761,25.4,75,0,39,399,10.2,42,0,18,9,18,8,26,8,9,17,0.722,8.99,7.37,28.37,4.12,1.5,1.1,2020,1
76,375.3,283.6,91.6,24.0,416.8,256.5,160.3,29.0,36,722,20.1,29,0,20,158,7.9,19,0,11,-9,3,6,9,7,11,18,0.25,7.85,-3.75,24.71,-3.34,1.52,-0.58,2020,0
77,371.8,260.1,111.8,24.7,386.4,227.6,158.8,29.6,37,965,26.1,67,1,29,265,9.1,73,0,14,-3,10,13,23,13,13,26,0.375,8.1,-1.43,26.14,-2.45,1.53,-0.57,2020,0
78,370.1,252.1,118.1,23.5,314.4,207.9,106.4,24.4,27,520,19.3,34,0,25,226,9.0,21,0,26,-11,12,8,20,17,14,31,0.375,8.27,0.86,24.89,1.09,1.51,0.9,2020,0
79,369.6,221.2,148.4,25.5,358.4,247.6,110.8,26.2,36,795,22.1,43,0,24,115,4.8,13,0,11,5,11,10,21,8,8,16,0.667,8.56,-0.85,25.43,-1.16,1.5,-0.86,2020,1
80,369.5,246.3,123.2,28.7,380.6,285.0,95.6,23.2,28,629,22.5,49,0,22,189,8.6,20,0,22,4,14,8,22,13,5,18,0.706,8.76,3.42,27.44,1.09,1.55,0.16,2020,1
81,368.4,272.7,95.8,24.8,398.4,293.6,104.8,25.9,20,409,20.5,29,0,17,152,8.9,24,0,23,3,12,9,21,11,7,18,0.25,8.13,1.22,25.29,1.04,1.51,1.66,2020,0
82,363.1,171.2,191.9,29.3,329.8,221.0,108.8,18.9,23,613,26.7,93,1,27,244,9.0,20,0,18,4,10,12,22,11,7,18,0.667,8.82,6.36,26.03,5.45,1.53,-0.98,2020,1
83,350.2,256.5,93.7,23.6,419.8,284.9,134.9,32.4,34,845,24.9,71,0,17,217,12.8,74,1,17,-9,7,5,12,13,8,21,0.313,7.89,-5.91,24.55,-5.34,1.46,-0.04,2020,0
84,349.5,243.0,106.5,21.9,360.1,239.1,121.0,25.1,29,734,25.3,98,0,20,117,5.9,20,0,18,1,7,15,22,16,5,21,0.313,8.16,-1.05,23.18,0.88,1.54,1.63,2020,0
85,339.0,233.5,105.5,25.3,367.9,251.5,116.4,21.1,12,215,17.9,45,0,32,354,11.1,88,1,9,9,18,11,29,13,7,20,0.625,8.49,-0.73,23.9,0.48,1.56,-0.84,2020,0
86,335.6,215.7,119.9,20.2,367.9,237.9,130.0,27.9,27,557,20.6,31,0,20,267,13.4,83,1,25,-16,10,6,16,23,9,32,0.313,8.04,-4.26,21.78,-0.93,1.52,1.1,2020,0
87,334.6,207.9,126.7,20.9,363.1,237.4,125.8,26.1,31,648,20.9,46,0,26,230,8.8,73,1,27,-10,8,11,19,20,9,29,0.281,7.97,-2.69,22.28,0.15,1.58,0.55,2020,0
88,334.6,250.2,84.4,26.0,305.8,194.4,111.4,19.5,29,670,23.1,49,0,37,356,9.6,57,0,22,9,18,9,27,11,7,18,0.706,8.66,2.12,25.12,2.11,1.63,-1.32,2020,1
89,331.4,228.4,102.9,23.3,344.9,231.6,113.4,23.1,47,1145,24.4,104,1,25,190,7.6,32,0,14,-4,10,8,18,16,6,22,0.471,8.4,-0.26,22.29,2.56,1.53,0.92,2020,1
90,327.3,180.6,146.6,20.4,353.8,222.3,131.4,22.1,31,717,23.1,53,0,23,357,15.5,70,1,16,3,18,4,22,14,5,19,0.438,8.36,1.32,22.99,3.45,1.62,-0.07,2020,0
91,326.1,231.2,94.9,19.1,417.7,264.4,153.3,30.8,30,614,20.5,40,0,18,205,11.4,91,1,12,-8,12,5,17,16,9,25,0.063,7.33,-8.49,20.44,-3.81,1.51,-0.6,2020,0
92,319.8,215.5,104.3,19.4,389.2,241.2,148.0,26.5,31,764,24.6,103,1,23,232,10.1,29,0,20,-7,11,6,17,11,13,24,0.281,7.87,-5.81,20.8,-1.5,1.47,-0.28,2020,0
93,317.3,216.6,100.7,20.9,304.6,191.8,112.8,20.6,31,645,20.8,46,0,31,176,5.7,22,0,26,-4,16,7,23,16,11,27,0.412,8.22,-2.26,20.95,1.91,1.46,-0.2,2020,1
94,299.6,189.1,110.5,17.5,349.3,237.9,111.4,22.3,36,788,21.9,48,0,20,228,11.4,20,0,16,0,11,11,22,11,11,22,0.375,8.15,-4.0,19.69,1.42,1.44,0.87,2020,0
95,279.9,174.8,105.2,15.2,387.6,275.6,112.0,28.6,41,811,19.8,66,0,10,86,8.6,18,0,29,0,10,9,19,14,5,19,0.125,7.59,-8.07,19.08,-2.04,1.56,1.43,2020,0
96,431.5,296.9,134.6,27.1,327.0,223.5,103.5,20.1,20,325,16.3,30,0,23,131,5.7,15,0,20,-1,7,10,17,11,7,18,0.5,8.42,3.19,25.87,1.38,1.96,-1.0,2019,0
97,407.6,201.6,206.0,33.2,300.6,207.2,93.4,17.6,27,493,18.3,46,0,25,206,8.2,25,0,17,10,13,12,25,8,7,15,0.824,9.13,8.35,28.56,3.84,1.97,0.54,2019,1
98,397.9,302.8,95.1,28.6,343.9,270.1,73.8,28.1,25,494,19.8,39,0,33,172,5.2,40,0,17,-13,12,16,28,30,11,41,0.438,8.23,-0.74,26.74,-3.43,1.87,0.06,2019,0
99,381.1,237.0,144.1,29.9,281.8,169.2,112.6,19.4,20,409,20.5,81,0,33,264,8.0,32,0,11,4,12,15,27,13,10,23,0.789,9.1,6.24,27.74,2.55,2.0,1.22,2019,1
100,379.7,294.6,85.1,23.8,355.8,244.9,110.9,24.9,25,571,22.8,47,0,37,263,7.1,78,1,1,-5,12,8,20,15,10,25,0.438,8.35,1.09,24.85,0.29,1.96,0.79,2019,0
101,379.2,281.1,98.1,28.2,349.6,221.4,128.2,19.3,37,927,25.1,104,1,32,222,6.9,36,0,7,8,16,7,23,5,10,15,0.789,9.27,10.23,31.58,2.7,1.98,1.66,2019,1
102,374.9,281.2,93.7,24.6,339.6,226.6,113.1,22.8,18,404,22.4,30,0,27,170,6.3,35,0,26,0,13,11,24,17,7,24,0.563,8.63,3.77,26.05,1.76,1.9,1.34,2019,0
103,374.4,236.9,137.5,25.3,381.6,263.9,117.7,24.9,22,432,19.6,33,0,23,141,6.1,20,0,20,12,16,16,32,6,14,20,0.667,8.78,2.75,25.8,1.0,1.99,1.59,2019,1
104,373.9,265.3,108.6,28.6,333.1,241.8,91.3,21.3,28,676,24.1,51,0,40,368,9.2,53,1,12,15,13,10,23,6,2,8,0.765,8.93,5.55,27.85,1.75,1.91,0.84,2019,1
105,367.4,276.6,90.8,21.1,313.1,200.3,112.8,21.6,35,726,20.7,43,0,22,118,5.4,68,1,17,-17,11,3,14,20,11,31,0.313,8.14,0.46,23.01,1.5,1.92,0.04,2019,0
106,363.7,245.4,118.3,19.6,354.8,256.7,98.1,26.2,35,811,23.2,72,0,27,190,7.0,32,0,22,-2,9,6,15,8,9,17,0.438,8.15,-4.85,21.34,-2.14,1.99,0.36,2019,0
107,362.8,223.9,138.9,25.1,359.5,255.0,104.5,20.7,30,638,21.3,45,0,22,169,7.7,21,0,30,6,14,9,23,8,9,17,0.579,8.74,3.78,25.47,2.36,1.95,1.23,2019,1
108,362.0,236.4,125.6,23.6,388.3,267.3,121.1,24.1,14,308,22.0,31,0,22,214,9.7,23,0,18,0,12,10,22,14,8,22,0.611,8.59,-0.16,25.07,-1.18,1.97,1.08,2019,1
109,360.8,239.6,121.2,24.1,331.7,241.6,90.1,22.1,29,653,22.5,67,0,27,160,5.9,17,0,23,-3,11,9,20,8,15,23,0.529,8.39,0.24,22.51,1.79,2.02,-1.13,2019,1
110,354.0,247.6,106.4,26.3,275.9,180.4,95.5,14.1,26,575,22.1,38,0,29,233,8.0,22,0,26,21,25,11,36,9,6,15,0.706,8.82,6.87,24.79,6.13,2.09,-1.83,2019,1
111,353.5,220.2,133.3,25.4,341.6,233.6,108.0,18.9,17,380,22.4,38,0,28,191,6.8,23,0,18,11,17,14,31,8,12,20,0.611,8.72,3.82,24.55,3.32,2.01,0.41,2019,1
112,346.8,243.8,103.1,21.3,400.4,284.4,115.9,26.4,23,564,24.5,100,1,31,246,7.9,64,1,22,-5,7,11,18,15,8,23,0.219,7.84,-4.0,22.08,-2.03,1.96,0.02,2019,0
113,345.5,233.3,112.2,23.5,352.6,232.6,120.1,19.6,32,667,20.8,45,0,20,98,4.9,18,0,31,12,17,8,25,4,9,13,0.778,8.88,1.89,23.97,1.97,2.07,0.18,2019,1
114,341.8,228.1,113.7,21.3,374.5,231.0,143.5,29.4,31,677,21.8,36,0,25,171,6.8,39,0,16,-14,14,7,21,21,14,35,0.313,7.94,-4.7,22.83,-3.48,2.01,0.03,2019,0
115,341.8,235.0,106.8,18.8,375.4,236.1,139.3,24.8,26,628,24.2,59,0,31,154,5.0,43,0,18,-1,10,9,19,8,12,20,0.375,8.09,-4.42,19.95,-0.32,1.99,0.16,2019,0
116,341.7,217.3,124.4,22.6,402.0,281.9,120.1,27.6,36,764,21.2,39,0,24,168,7.0,29,0,20,-1,7,10,17,12,6,18,0.344,8.02,-2.98,23.26,-2.19,1.94,0.54,2019,0
117,340.9,222.1,118.8,20.9,361.6,216.9,144.7,24.6,38,830,21.8,74,0,23,163,7.1,18,0,15,-8,14,6,20,21,7,28,0.375,8.12,-3.31,22.13,-1.4,1.92,0.76,2019,0
118,338.5,233.2,105.3,21.3,377.3,264.1,113.3,28.2,49,1153,23.5,52,0,28,274,9.8,60,0,14,-17,10,6,16,17,16,33,0.25,7.73,-5.99,22.78,-4.71,1.88,-1.54,2019,0
119,330.2,201.8,128.4,19.6,298.3,195.2,103.1,16.2,32,802,25.1,66,1,32,243,7.6,22,0,21,4,14,9,23,12,7,19,0.588,8.51,0.35,20.17,4.23,1.96,-1.0,2019,1
120,327.4,194.3,133.1,22.6,346.8,248.9,97.9,23.3,31,707,22.8,47,0,24,418,17.4,84,2,21,2,15,8,23,10,11,21,0.438,8.24,-1.07,23.09,-0.1,1.99,-0.3,2019,0
121,323.1,228.3,94.8,17.4,393.7,244.8,148.9,26.3,42,1091,26.0,92,1,29,164,5.7,17,0,17,-14,11,5,16,16,14,30,0.125,7.62,-5.44,20.42,-1.8,1.9,0.19,2019,0
122,310.0,237.8,72.3,19.1,397.8,262.4,135.4,30.9,36,796,22.1,101,1,27,177,6.6,21,0,13,-10,13,3,16,18,8,26,0.313,7.79,-7.74,21.76,-5.45,1.97,-1.05,2019,0
123,298.6,194.7,103.9,17.6,337.0,225.6,111.4,19.8,21,534,25.4,60,0,27,208,7.7,42,0,29,1,10,7,17,10,6,16,0.438,8.32,-0.66,20.5,2.88,2.02,0.41,2019,0
124,296.8,205.7,91.1,17.5,324.1,222.1,102.0,18.6,34,903,26.6,102,1,33,302,9.2,71,0,19,0,10,9,19,12,7,19,0.5,8.45,-0.18,19.72,4.15,1.96,0.43,2019,0
125,276.8,186.3,90.4,18.1,304.1,194.6,109.6,18.9,29,525,18.1,34,0,29,285,9.8,85,1,19,8,20,18,38,19,11,30,0.5,8.44,0.73,21.09,3.69,2.05,0.11,2019,0
126,274.7,175.8,98.9,16.6,385.1,238.9,146.2,27.2,33,833,25.2,91,1,22,104,4.7,15,0,13,1,13,9,22,13,8,21,0.188,7.62,-8.09,19.26,-3.3,1.85,-0.5,2019,0
127,273.0,194.4,78.6,17.3,323.1,236.2,86.9,22.4,37,807,21.8,78,0,21,240,11.4,26,0,32,-4,12,9,21,16,9,25,0.438,8.1,-4.99,19.46,-0.4,1.99,-1.01,2019,0
128,425.6,309.7,115.9,35.3,405.5,273.4,132.1,26.3,40,975,24.4,97,0,22,261,11.9,91,1,3,9,15,12,27,12,6,18,0.722,9.02,6.56,32.24,-2.01,2.45,1.82,2018,1
129,421.1,281.7,139.4,32.9,358.6,236.3,122.3,24.0,39,834,21.4,40,0,30,307,10.2,60,0,15,11,18,12,30,12,7,19,0.789,9.14,5.19,27.69,1.17,2.42,1.27,2018,1
130,415.5,320.3,95.2,24.8,383.4,259.4,123.9,29.0,31,631,20.4,38,0,26,163,6.3,16,0,15,-18,9,8,17,26,9,35,0.313,8.11,-2.52,24.25,-3.1,2.42,0.49,2018,0
131,403.3,313.0,90.3,26.8,327.2,231.1,96.1,22.5,32,619,19.3,35,0,31,252,8.1,23,0,26,-11,8,7,15,17,9,26,0.594,8.74,4.09,25.8,1.96,2.54,0.94,2018,0
132,393.4,266.1,127.3,27.3,359.1,246.4,112.7,20.3,28,755,27.0,95,1,26,199,7.7,25,0,15,10,18,10,28,11,7,18,0.737,9.18,8.57,27.69,4.54,2.63,0.15,2018,1
133,389.1,290.8,98.3,25.9,384.5,259.6,124.9,26.4,31,689,22.2,53,0,21,147,7.0,18,0,24,1,15,4,19,7,11,18,0.438,8.37,0.82,25.62,-1.13,2.48,0.14,2018,0
134,386.2,278.8,107.4,27.1,339.4,237.8,101.6,21.5,17,337,19.8,29,0,24,217,9.0,51,0,28,2,15,11,26,15,9,24,0.611,8.67,2.09,23.72,2.04,2.48,-0.86,2018,1
135,379.2,252.6,126.6,31.5,349.1,268.9,80.2,22.1,23,560,24.3,50,0,24,157,6.5,17,0,18,8,12,12,24,7,9,16,0.778,9.1,6.04,27.23,2.48,2.5,1.04,2018,1
136,374.9,222.4,152.6,24.3,292.9,210.0,82.9,17.9,32,707,22.1,39,0,35,404,11.5,70,1,29,-3,12,5,17,9,11,20,0.588,8.7,3.38,22.47,4.57,2.5,0.0,2018,1
137,373.3,239.8,133.5,23.5,353.2,240.4,112.8,23.9,26,582,22.4,37,0,24,165,6.9,30,0,16,1,13,10,23,16,6,22,0.438,8.43,1.04,23.49,1.22,2.56,0.75,2018,0
138,372.6,255.6,117.1,26.8,333.7,227.9,105.8,20.6,28,653,23.3,40,0,34,358,10.5,73,1,15,1,13,7,20,12,7,19,0.722,8.96,4.0,26.27,1.4,2.46,0.94,2018,1
139,369.1,264.9,104.2,23.5,354.4,234.5,119.9,25.0,30,644,21.5,38,0,30,198,6.6,24,0,19,0,7,8,15,4,11,15,0.406,8.19,-1.5,23.72,-1.55,2.56,-0.58,2018,0
140,368.8,250.4,118.3,22.4,393.0,257.8,135.2,24.5,44,884,20.1,35,0,32,290,9.1,37,0,24,7,17,14,31,17,7,24,0.469,8.31,-2.61,21.55,-0.49,2.41,0.72,2018,0
141,365.3,267.2,98.1,22.9,366.2,269.3,96.9,21.8,33,725,22.0,48,0,33,216,6.5,42,0,11,-6,10,7,17,11,12,23,0.556,8.71,3.09,23.17,3.6,2.51,0.5,2018,1
142,362.6,236.3,126.3,25.1,343.1,260.4,82.7,19.8,20,487,24.4,36,0,38,327,8.6,30,0,16,13,15,14,29,9,7,16,0.647,8.63,0.75,22.79,1.62,2.48,-1.09,2018,1
143,360.6,241.7,118.9,21.4,346.6,233.3,113.4,27.2,36,944,26.2,97,1,31,180,5.8,23,0,18,-25,2,5,7,20,12,32,0.25,7.92,-4.3,21.64,-2.27,2.44,-0.38,2018,0
144,356.1,252.9,103.1,23.1,371.4,252.8,118.6,25.8,45,1097,24.4,51,0,37,231,6.2,23,0,13,2,16,5,21,12,7,19,0.313,8.09,-2.31,24.04,-2.68,2.42,-0.05,2018,0
145,353.3,193.3,160.0,26.8,353.3,240.1,113.2,21.7,29,669,23.1,84,0,25,143,5.7,19,0,20,15,12,14,26,7,4,11,0.588,8.66,3.37,25.69,1.35,2.52,0.05,2018,1
146,350.1,230.9,119.2,20.6,365.1,245.6,119.6,21.8,30,604,20.1,35,0,30,132,4.4,20,0,17,7,17,11,28,15,6,21,0.375,8.28,-0.43,20.91,2.33,2.55,-0.09,2018,0
147,345.6,252.3,93.3,22.5,309.7,196.3,113.4,21.3,22,540,24.5,46,0,29,315,10.9,70,0,21,0,12,8,20,10,10,20,0.531,8.57,2.07,22.88,2.85,2.51,-0.09,2018,0
148,343.9,222.8,121.1,26.3,299.7,219.7,80.0,17.7,23,440,19.1,31,0,33,411,12.5,44,0,21,12,27,9,36,14,10,24,0.706,8.8,3.13,22.8,4.0,2.48,-1.14,2018,1
149,343.8,221.1,122.7,21.2,329.3,234.7,94.6,20.3,13,283,21.8,35,0,21,119,5.7,22,0,25,3,9,11,20,8,9,17,0.611,8.71,1.04,22.77,1.95,2.43,0.38,2018,1
150,336.2,234.4,101.8,18.1,381.4,240.8,140.6,29.2,29,663,22.9,34,0,25,291,11.6,99,1,19,-7,14,3,17,10,14,24,0.25,7.88,-6.72,20.52,-3.57,2.47,0.36,2018,0
151,327.3,223.5,103.8,20.3,335.0,224.9,110.1,22.5,20,482,24.1,45,0,27,171,6.3,25,0,20,-5,7,7,14,12,7,19,0.375,8.26,-1.01,21.26,1.4,2.48,-0.03,2018,0
152,312.4,185.9,126.4,19.4,333.4,216.9,116.4,18.9,23,737,32.0,94,1,27,237,8.8,38,0,11,-1,11,6,17,12,6,18,0.563,8.53,-0.84,20.4,2.42,2.47,-0.33,2018,0
153,310.8,205.6,105.1,23.0,413.6,275.9,137.8,28.4,43,1071,24.9,77,0,22,236,10.7,38,0,21,1,12,6,18,13,4,17,0.375,8.23,-2.11,22.64,-1.09,2.47,0.6,2018,0
154,302.0,194.3,107.7,15.3,311.4,194.6,116.9,19.8,26,532,20.5,47,0,34,334,9.8,74,1,16,-12,11,6,17,13,16,29,0.313,8.2,-2.56,17.49,3.62,2.46,0.71,2018,0
155,299.7,188.8,110.9,17.6,353.4,237.1,116.3,22.4,29,570,19.7,44,0,17,110,6.5,30,0,23,7,15,11,26,15,4,19,0.438,8.27,-4.24,19.43,0.0,2.38,0.24,2018,0
156,299.2,197.8,101.4,20.8,380.4,254.1,126.3,27.6,46,1238,26.9,99,1,25,324,13.0,78,1,28,-10,13,7,20,19,11,30,0.25,7.83,-6.64,20.95,-3.92,2.49,-0.65,2018,0
157,298.6,174.6,124.0,16.8,294.1,179.2,114.9,23.4,38,807,21.2,49,0,31,207,6.7,31,0,17,-5,16,11,27,23,9,32,0.375,8.18,-4.2,18.91,0.57,2.51,0.27,2018,0
158,289.9,181.3,108.6,19.9,391.1,245.8,145.3,27.1,39,938,24.1,102,1,28,293,10.5,71,1,16,5,21,7,28,13,10,23,0.438,8.11,-6.19,20.59,-3.11,2.5,-1.06,2018,0
159,241.6,157.7,83.9,14.1,358.8,203.9,154.9,26.6,25,536,21.4,36,0,36,295,8.2,45,0,21,-12,7,9,16,18,10,28,0.188,7.8,-7.06,17.24,-0.63,2.49,0.6,2018,0
160,394.2,276.1,118.1,28.6,366.0,251.3,114.8,18.5,28,622,22.2,103,1,32,263,8.2,40,0,21,6,12,6,18,8,4,12,0.789,9.13,8.17,28.43,2.58,2.6,0.25,2017,1
161,391.2,261.8,129.4,28.0,336.5,224.8,111.7,20.4,36,825,22.9,106,1,34,218,6.4,24,0,23,7,20,5,25,8,10,18,0.667,8.89,5.24,27.81,0.26,2.54,1.89,2017,1
162,377.9,273.8,104.2,25.4,306.9,201.1,105.8,19.3,33,630,19.1,96,1,30,207,6.9,27,0,20,2,16,6,22,15,5,20,0.765,8.82,3.21,26.71,-0.66,2.55,-0.56,2017,1
163,376.6,276.9,99.7,22.2,328.4,197.3,131.1,17.0,25,474,19.0,44,0,28,259,9.3,65,1,26,12,18,9,27,11,4,15,0.563,8.54,2.08,21.8,3.11,2.48,-1.04,2017,0
164,375.4,256.5,118.9,25.9,365.1,247.0,118.1,21.2,47,1051,22.4,42,0,35,220,6.3,82,1,10,15,16,10,26,8,3,11,0.588,8.54,2.32,24.2,0.96,2.45,-0.79,2017,1
165,365.9,224.6,141.4,26.1,286.1,169.9,116.3,16.8,25,551,22.0,68,0,35,325,9.3,72,1,30,10,21,12,33,13,10,23,0.632,8.66,2.07,23.36,1.54,2.43,-1.21,2017,1
166,365.8,233.6,132.2,28.6,306.5,227.3,79.2,18.4,18,354,19.7,35,0,29,259,8.9,76,0,20,11,19,12,31,9,11,20,0.842,9.34,8.37,27.65,3.55,2.54,1.04,2017,1
167,364.8,249.4,115.4,22.1,318.4,214.3,104.1,19.7,39,871,22.3,61,0,27,201,7.4,27,0,21,-2,8,8,16,12,6,18,0.611,8.89,5.72,23.52,5.04,2.51,1.86,2017,1
168,363.5,272.9,90.6,20.9,378.1,260.6,117.5,23.9,20,432,21.6,50,0,20,192,9.6,44,0,14,-1,13,13,26,14,13,27,0.313,8.18,-0.71,22.23,-0.1,2.42,1.2,2017,0
169,361.5,239.4,122.1,29.9,339.6,217.2,122.4,20.6,40,1001,25.0,103,1,45,458,10.2,53,0,11,7,18,10,28,7,14,21,0.647,8.7,2.44,25.02,0.26,2.43,0.75,2017,1
170,356.9,234.6,122.3,23.9,275.9,192.4,83.6,15.8,25,619,24.8,39,0,39,372,9.5,46,0,26,5,14,5,19,8,6,14,0.778,9.05,4.72,23.55,4.01,2.57,0.84,2017,1
171,349.3,245.3,104.0,20.7,351.6,235.3,116.3,23.9,31,570,18.4,34,0,34,304,8.9,39,0,17,-3,10,10,20,15,8,23,0.375,8.17,-1.92,22.16,-1.24,2.48,-0.05,2017,0
172,337.8,261.4,76.3,25.6,355.8,243.3,112.5,23.5,32,583,18.2,35,0,37,517,14.0,88,2,22,10,19,13,32,11,11,22,0.563,8.53,1.14,24.7,-0.72,2.54,0.34,2017,0
173,331.9,196.3,135.6,22.1,318.1,214.1,104.0,20.8,25,620,24.8,61,0,31,275,8.9,83,1,15,-1,10,11,21,13,9,22,0.563,8.61,2.46,22.67,2.63,2.41,0.63,2017,0
174,330.4,228.6,101.8,22.9,323.2,209.2,114.0,20.8,43,1004,23.3,99,1,36,237,6.6,27,0,21,8,14,11,25,12,5,17,0.563,8.61,3.56,23.24,3.16,2.58,-0.22,2017,0
175,324.9,234.4,90.5,21.4,347.9,213.8,134.1,24.3,34,673,19.8,35,0,29,178,6.1,29,0,22,-4,16,7,23,13,14,27,0.438,8.33,-1.25,22.37,-0.79,2.43,1.15,2017,0
176,324.1,208.3,115.8,18.1,290.0,200.6,89.4,23.9,34,768,22.6,61,0,41,351,8.6,44,0,22,-17,10,7,17,22,12,34,0.313,8.05,-2.78,20.01,0.05,2.58,-0.44,2017,0
177,324.1,226.9,97.1,18.8,350.1,241.1,108.9,23.3,34,738,21.7,49,0,27,155,5.7,19,0,21,-14,5,9,14,14,14,28,0.375,8.15,-3.32,20.07,-0.55,2.48,0.19,2017,0
178,323.7,192.3,131.4,22.7,317.1,229.1,88.1,20.4,34,760,22.4,103,1,40,318,8.0,60,1,17,-1,10,11,21,16,6,22,0.647,8.81,3.56,24.27,2.13,2.54,1.95,2017,1
179,320.0,204.9,115.1,21.1,346.6,237.4,109.2,27.3,27,558,20.7,42,0,35,296,8.5,49,0,20,-12,11,5,16,17,11,28,0.25,7.8,-5.97,19.98,-3.12,2.51,-1.07,2017,0
180,314.3,217.4,96.8,15.4,373.2,252.4,120.8,24.3,31,609,19.6,30,0,27,148,5.5,20,0,23,-3,13,6,19,14,8,22,0.188,7.9,-4.52,18.17,0.15,2.51,1.56,2017,0
181,314.1,227.5,86.6,18.4,310.9,221.3,89.6,22.6,29,592,20.4,55,0,41,288,7.0,20,0,30,-4,15,6,21,18,7,25,0.5,8.38,-0.92,20.92,1.0,2.56,-0.27,2017,0
182,314.0,199.4,114.6,20.9,328.0,239.3,88.8,22.3,28,618,22.1,57,0,36,305,8.5,46,0,9,-4,12,9,21,17,8,25,0.556,8.4,-3.06,19.97,-0.19,2.48,-1.13,2017,1
183,308.9,201.8,107.1,14.6,328.1,230.3,97.9,25.6,35,790,22.6,71,0,38,221,5.8,25,0,19,-28,7,6,13,28,13,41,0.0,7.19,-9.21,16.59,-2.96,2.42,-0.25,2017,0
184,307.7,220.9,86.8,17.6,335.7,225.2,110.5,24.6,40,834,20.9,37,0,37,271,7.3,27,0,14,-14,9,6,15,21,8,29,0.375,8.11,-4.75,19.7,-1.61,2.51,0.56,2017,0
185,305.7,197.9,107.8,20.0,348.9,236.8,112.1,24.0,35,761,21.7,34,0,27,289,10.7,65,0,22,-3,11,11,22,18,7,25,0.438,8.34,-0.77,22.73,-0.66,2.61,1.05,2017,0
186,305.4,189.4,116.0,24.7,325.1,213.8,111.3,18.9,34,936,27.5,96,1,32,322,10.1,77,1,27,17,22,12,34,13,4,17,0.563,8.45,1.79,23.9,0.72,2.55,-2.1,2017,0
187,305.3,198.9,106.4,18.6,352.3,234.3,117.9,23.9,34,683,20.1,40,0,38,171,4.5,25,0,22,-4,11,9,20,12,12,24,0.313,8.04,-4.36,19.21,-0.74,2.53,0.24,2017,0
188,302.6,176.6,126.1,18.9,355.1,230.5,124.6,22.4,32,640,20.0,29,0,24,213,8.9,40,0,13,9,18,7,25,10,6,16,0.529,8.41,-2.42,19.06,1.36,2.56,0.25,2017,1
189,287.4,175.7,111.8,16.5,319.1,211.0,108.1,20.0,46,969,21.1,46,0,32,337,10.5,61,2,16,0,8,14,22,12,10,22,0.313,8.19,-2.54,17.94,2.36,2.47,1.69,2017,0
190,284.6,180.8,103.8,16.4,367.1,246.6,120.4,25.3,28,590,21.1,60,0,27,162,6.0,30,0,13,5,13,7,20,9,6,15,0.25,7.8,-6.34,18.14,-1.65,2.52,-1.46,2017,0
191,280.5,195.1,85.4,18.1,339.1,211.2,127.9,21.8,34,670,19.7,41,0,47,409,8.7,40,0,19,-9,11,3,14,12,11,23,0.438,8.2,-2.02,20.66,0.16,2.52,-1.69,2017,0
192,426.0,317.1,108.9,29.3,375.4,273.8,101.6,28.4,28,462,16.5,31,0,23,221,9.6,59,0,17,-3,9,12,21,15,9,24,0.438,8.38,1.62,29.13,-3.26,2.79,0.83,2016,0
193,415.8,295.3,120.5,33.8,371.2,266.7,104.5,25.4,23,484,21.0,42,0,24,273,11.4,73,0,21,11,12,10,22,7,4,11,0.684,9.06,7.93,32.5,-0.32,2.7,2.64,2016,1
194,403.4,297.4,106.0,24.8,377.9,258.1,119.8,23.9,27,570,21.1,45,0,29,344,11.9,85,1,16,0,13,8,21,12,9,21,0.531,8.46,-0.28,24.64,-0.67,2.6,0.23,2016,0
195,386.3,269.3,117.0,27.6,326.4,237.9,88.6,15.6,29,542,18.7,73,0,45,309,6.9,30,0,18,12,13,10,23,2,9,11,0.895,9.52,11.1,30.13,5.22,2.77,-0.2,2016,1
196,376.7,226.9,149.8,26.3,343.9,260.4,83.5,19.1,24,492,20.5,33,0,28,198,7.1,39,0,15,5,9,11,20,6,9,15,0.765,8.87,2.93,25.49,1.69,2.62,-0.51,2016,1
197,373.3,253.2,120.1,26.0,375.1,257.5,117.6,24.1,26,534,20.5,50,0,41,380,9.3,47,0,13,16,16,14,30,7,7,14,0.706,8.72,-0.41,24.49,-0.66,2.62,1.03,2016,1
198,372.6,262.6,110.0,24.9,342.6,242.6,100.0,20.4,28,603,21.5,44,0,22,185,8.4,33,0,19,5,13,10,23,15,3,18,0.684,8.94,4.48,25.55,3.17,2.78,1.0,2016,1
199,368.8,262.4,106.3,27.0,363.9,269.3,94.7,24.3,32,631,19.7,40,0,26,235,9.0,55,0,21,8,17,8,25,8,9,17,0.632,8.77,3.68,28.83,-0.9,2.82,0.46,2016,1
200,366.8,258.5,108.3,26.1,305.2,210.3,94.9,22.6,25,544,21.8,51,0,38,230,6.1,32,0,24,0,14,14,28,17,11,28,0.469,8.37,1.97,26.26,-0.04,2.74,-0.33,2016,0
201,364.4,262.6,101.8,25.7,382.9,262.5,120.4,24.5,32,804,25.1,99,1,22,182,8.3,30,0,22,-5,8,9,17,15,7,22,0.5,8.34,-0.46,24.84,-1.05,2.7,-1.18,2016,0
202,358.0,221.3,136.7,23.8,357.5,269.2,88.3,23.6,33,629,19.1,37,0,30,236,7.9,18,0,22,0,12,6,18,11,7,18,0.563,8.33,-3.21,22.8,-1.76,2.62,-1.46,2016,0
203,357.2,257.8,99.4,22.1,318.7,225.8,92.9,18.3,35,808,23.1,46,0,30,249,8.3,62,0,28,1,11,8,19,12,6,18,0.639,8.77,3.74,23.33,4.65,2.77,-0.41,2016,1
204,356.9,246.4,110.6,20.3,350.8,237.5,113.3,19.7,39,1003,25.7,84,0,38,246,6.5,24,0,19,3,17,3,20,8,9,17,0.406,8.36,2.1,22.46,3.89,2.7,0.32,2016,0
205,356.8,262.4,94.4,25.6,347.1,249.2,97.9,26.4,28,508,18.1,30,0,32,212,6.6,21,0,12,-7,18,10,28,21,14,35,0.313,8.09,-1.59,24.7,-2.04,2.65,0.16,2016,0
206,356.5,248.1,108.4,17.4,346.8,224.9,121.9,24.9,42,897,21.4,64,0,27,215,8.0,65,1,27,-20,8,3,11,19,12,31,0.188,7.74,-6.33,19.53,-1.61,2.64,-0.62,2016,0
207,354.1,189.8,164.4,24.9,357.0,223.9,133.1,23.6,39,829,21.3,45,0,28,314,11.2,43,0,17,6,12,6,18,7,5,12,0.438,8.28,-0.48,24.83,-1.06,2.75,-0.48,2016,0
208,347.7,256.3,91.4,21.4,322.1,232.8,89.4,20.1,28,636,22.7,60,0,32,246,7.7,28,0,21,5,18,10,28,16,7,23,0.5,8.47,0.9,22.8,2.35,2.75,-0.07,2016,0
209,346.4,245.4,101.0,22.1,367.9,250.8,117.2,23.1,21,307,14.6,26,0,29,266,9.2,25,0,22,2,17,12,29,18,9,27,0.563,8.53,-0.72,22.61,0.92,2.59,0.7,2016,0
210,343.7,230.3,113.4,23.1,359.8,268.2,91.6,25.1,37,828,22.4,59,0,29,202,7.0,19,0,24,-2,17,10,27,19,10,29,0.375,8.35,1.8,24.69,1.35,2.71,0.88,2016,0
211,343.0,233.8,109.3,24.3,368.5,247.4,121.1,19.4,40,943,23.6,86,1,40,592,14.8,95,2,8,16,18,15,33,8,9,17,0.706,8.89,4.54,24.1,4.69,2.6,0.28,2016,1
212,338.8,256.9,81.9,21.6,354.8,248.4,106.3,22.4,35,793,22.7,42,0,20,246,12.3,85,2,16,-1,10,4,14,10,5,15,0.529,8.37,-2.56,21.57,0.12,2.72,-0.71,2016,1
213,337.4,224.1,113.3,22.9,342.8,239.5,103.3,20.7,35,956,27.3,98,2,19,246,12.9,66,0,13,6,16,10,26,14,6,20,0.438,8.43,1.66,24.33,1.58,2.67,0.72,2016,0
214,334.9,233.0,101.9,19.9,321.7,215.3,106.4,25.0,37,881,23.8,100,1,40,220,5.5,42,0,24,-16,7,6,13,16,13,29,0.188,7.79,-4.9,21.18,-1.84,2.62,-0.4,2016,0
215,332.8,218.8,114.0,22.7,382.6,242.2,140.4,23.8,35,879,25.1,96,1,36,328,9.1,74,1,18,2,16,9,25,15,8,23,0.588,8.48,-1.99,22.95,-0.69,2.64,0.02,2016,1
216,330.7,242.4,88.3,19.4,339.7,251.1,88.6,17.8,31,739,23.8,46,0,45,275,6.1,19,0,17,-2,17,8,25,16,11,27,0.647,8.66,-0.09,20.76,3.39,2.68,-0.18,2016,1
217,329.3,216.6,112.6,17.2,342.4,243.6,98.8,25.6,43,941,21.9,65,0,27,149,5.5,27,0,28,-20,8,6,14,25,9,34,0.313,8.02,-4.78,20.38,-0.92,2.68,0.37,2016,0
218,323.1,230.3,92.8,20.8,316.1,185.8,130.3,18.6,21,481,22.9,46,0,37,316,8.5,25,0,26,2,14,13,27,11,14,25,0.563,8.71,3.7,21.96,5.98,2.72,0.92,2016,0
219,315.1,239.8,75.3,20.4,314.9,207.9,106.9,19.2,33,902,27.3,104,1,34,354,10.4,79,2,22,11,14,13,27,5,11,16,0.5,8.42,0.27,21.55,2.96,2.69,-1.02,2016,0
220,314.7,198.5,116.2,17.4,301.3,201.6,99.7,20.5,30,557,18.6,39,0,39,427,10.9,67,1,29,-7,11,6,17,16,8,24,0.556,8.55,-1.22,19.88,3.14,2.7,0.23,2016,1
221,311.0,204.0,107.0,16.5,392.4,249.8,142.7,28.3,34,634,18.6,36,0,30,200,6.7,18,0,13,-12,10,3,13,14,11,25,0.063,7.45,-8.36,19.06,-3.17,2.59,1.08,2016,0
222,308.1,181.9,126.2,19.3,406.4,240.5,165.9,30.0,38,749,19.7,41,0,23,216,9.4,29,0,36,-5,10,10,20,10,15,25,0.125,7.57,-7.32,20.83,-3.9,2.71,-0.48,2016,0
223,262.7,184.4,78.3,14.0,337.0,233.3,103.8,24.6,47,1122,23.9,61,0,49,369,7.5,47,0,19,-11,10,8,18,20,9,29,0.25,7.91,-7.69,16.36,0.2,2.62,1.15,2016,0
224,408.3,288.5,119.8,30.6,321.7,230.4,91.3,19.6,32,770,24.1,108,1,39,289,7.4,38,0,22,9,19,14,33,13,11,24,0.778,8.98,5.11,27.06,1.58,2.58,1.75,2015,1
225,403.8,310.6,93.2,25.5,413.8,284.0,129.8,29.8,28,605,21.6,38,0,32,275,8.6,74,1,13,2,9,13,22,12,8,20,0.438,8.06,-2.44,25.46,-4.36,2.61,-2.0,2015,0
226,395.4,287.7,107.8,26.4,363.1,271.9,91.2,19.9,29,701,24.2,38,0,28,231,8.3,71,1,17,2,17,13,30,21,7,28,0.611,8.82,5.72,25.79,3.47,2.6,2.38,2015,1
227,378.6,236.9,141.8,26.4,291.8,210.3,81.5,17.3,34,868,25.5,105,1,42,450,10.7,66,1,22,6,14,8,22,8,8,16,0.611,8.87,8.3,26.13,5.71,2.6,1.64,2015,1
228,375.9,240.8,135.1,21.4,340.4,240.0,100.4,26.1,21,506,24.1,38,0,29,288,9.9,58,0,14,-5,11,12,23,15,13,28,0.375,7.9,-6.02,20.18,-2.66,2.38,-2.26,2015,0
229,374.4,286.7,87.8,29.1,339.4,240.7,98.8,19.7,25,469,18.8,75,0,47,473,10.1,82,0,18,7,12,9,21,7,7,14,0.722,8.92,7.37,27.91,3.0,2.6,0.23,2015,1
230,374.4,273.7,100.7,21.2,347.6,242.6,105.0,21.6,26,667,25.7,50,0,27,255,9.4,41,0,20,-7,15,8,23,17,13,30,0.5,8.21,-1.98,20.65,0.91,2.5,-2.28,2015,0
231,372.3,271.7,100.6,26.3,420.3,298.9,121.4,27.6,39,971,24.9,100,1,36,367,10.2,80,1,9,6,15,12,27,14,7,21,0.375,8.01,-2.11,25.53,-4.1,2.48,-1.24,2015,0
232,371.8,286.9,84.9,20.0,361.9,236.6,125.3,24.9,28,583,20.8,34,0,20,84,4.2,18,0,26,-4,11,9,20,13,11,24,0.25,8.04,-1.0,21.94,0.61,2.53,1.63,2015,0
233,370.3,253.6,116.8,24.2,318.6,235.2,83.4,19.6,37,771,20.8,54,0,49,422,8.6,58,0,22,6,18,12,30,16,8,24,0.625,8.47,0.67,22.18,2.04,2.51,-2.1,2015,0
234,366.9,224.3,142.6,31.3,322.9,234.5,88.4,19.3,22,407,18.5,33,0,30,282,9.4,37,0,25,20,24,15,39,10,9,19,0.895,9.22,7.0,28.44,2.1,2.52,-0.16,2015,1
235,364.4,255.4,108.9,23.6,401.6,267.1,134.6,26.9,27,565,20.9,49,0,39,443,11.4,89,2,18,-5,15,11,26,18,13,31,0.438,8.12,-2.12,24.05,-2.63,2.44,-0.97,2015,0
236,360.9,208.9,152.0,23.7,356.4,248.3,108.1,22.4,41,772,18.8,32,0,31,232,7.5,27,0,22,6,17,8,25,9,10,19,0.5,8.33,0.48,22.85,1.18,2.55,-0.87,2015,0
237,359.3,266.9,92.4,20.5,337.4,233.6,103.8,25.1,34,857,25.2,50,0,40,450,11.3,82,1,15,-14,6,8,14,21,7,28,0.313,8.13,-0.57,22.42,0.55,2.52,1.24,2015,0
238,358.0,245.2,112.8,26.2,340.8,248.5,92.3,17.4,34,700,20.6,58,0,43,350,8.1,35,0,12,11,21,7,28,9,8,17,0.706,8.86,5.44,24.78,4.2,2.5,1.06,2015,1
239,355.5,248.1,107.4,22.2,283.1,199.6,83.6,18.5,27,588,21.8,41,0,29,283,9.8,83,1,26,-4,14,13,27,23,8,31,0.789,9.18,6.76,24.24,6.05,2.56,1.7,2015,1
240,353.8,255.9,97.9,24.3,380.6,258.0,122.6,23.7,40,999,25.0,101,2,32,153,4.8,16,0,17,4,11,15,26,11,11,22,0.529,8.22,-3.31,22.31,-2.08,2.42,-1.22,2015,1
241,348.8,256.8,92.1,23.5,375.0,268.2,106.8,28.0,31,721,23.3,42,0,31,361,11.6,73,1,16,-10,9,9,18,18,10,28,0.313,7.74,-7.34,21.2,-5.0,2.43,-2.33,2015,0
242,347.8,239.6,108.2,21.2,310.2,210.4,99.8,19.6,18,430,23.9,41,0,52,377,7.3,20,0,23,5,14,11,25,12,8,20,0.529,8.32,-1.66,19.63,2.25,2.5,-1.14,2015,1
243,346.7,263.3,83.4,22.4,349.6,236.8,112.8,25.0,44,1220,27.7,104,0,30,209,7.0,28,0,22,-6,9,9,18,14,10,24,0.438,8.33,0.16,23.61,0.09,2.56,1.59,2015,0
244,344.6,228.9,115.7,20.9,345.4,224.6,120.9,24.8,33,892,27.0,74,0,31,242,7.8,34,0,22,-4,8,9,17,12,9,21,0.375,8.17,-2.14,22.42,-1.02,2.41,1.6,2015,0
245,335.1,216.9,118.1,17.2,348.1,227.3,120.9,23.4,28,704,25.1,79,0,33,183,5.5,28,0,21,-22,8,3,11,22,11,33,0.25,7.9,-3.52,19.72,0.3,2.41,-0.07,2015,0
246,334.6,218.9,115.6,23.0,346.7,227.6,119.1,20.2,36,881,24.5,70,0,31,167,5.4,16,0,23,5,16,6,22,8,9,17,0.611,8.76,4.97,25.77,2.74,2.62,1.92,2015,1
247,333.5,242.4,91.1,22.4,363.6,258.8,104.9,24.9,53,1268,23.9,70,0,42,272,6.5,25,0,13,1,14,11,25,14,10,24,0.438,8.27,-2.01,22.4,-0.87,2.42,1.73,2015,0
248,331.9,236.4,95.6,17.4,379.2,250.8,128.4,27.0,41,1041,25.4,53,0,29,325,11.2,78,1,10,-9,11,10,21,12,18,30,0.188,7.79,-5.45,19.84,-1.76,2.41,1.97,2015,0
249,331.7,238.2,93.5,19.4,376.2,250.0,126.2,24.3,43,958,22.3,50,0,41,424,10.3,69,1,16,-3,13,3,16,12,7,19,0.375,8.03,-3.66,20.19,-0.32,2.43,-1.0,2015,0
250,331.2,203.4,127.8,25.3,329.3,231.1,98.2,17.9,35,791,22.6,54,0,45,355,7.9,37,0,9,14,22,7,29,7,8,15,0.667,8.9,6.69,24.59,5.64,2.45,1.54,2015,1
251,321.4,231.5,89.9,20.8,379.1,257.1,122.0,25.5,43,1047,24.3,60,0,39,268,6.9,33,0,28,-5,17,8,25,19,11,30,0.5,8.17,-3.49,21.82,-1.77,2.56,-1.51,2015,0
252,321.2,183.0,138.2,22.8,344.2,234.9,109.3,18.9,42,1190,28.3,101,2,34,311,9.1,65,1,15,5,13,9,22,9,8,17,0.647,8.75,3.8,22.69,4.65,2.49,1.49,2015,1
253,311.8,218.9,92.8,18.7,342.2,229.9,112.3,26.4,33,680,20.6,34,0,38,307,8.1,37,0,17,-14,11,8,19,17,16,33,0.188,7.52,-8.85,18.38,-3.68,2.42,-2.26,2015,0
254,303.8,207.3,96.5,14.9,387.4,261.2,126.3,24.2,42,993,23.6,40,0,30,226,7.5,37,0,23,-5,9,3,12,12,5,17,0.313,8.1,-3.41,19.24,0.89,2.55,2.22,2015,0
255,297.6,175.3,122.3,17.5,367.8,254.1,113.8,20.6,34,830,24.4,102,0,39,300,7.7,75,1,15,5,13,13,26,11,10,21,0.438,8.32,-1.39,19.93,2.22,2.48,1.56,2015,0
256,411.4,297.8,113.6,25.1,384.0,251.2,132.8,26.5,21,543,25.9,99,0,19,134,7.1,32,0,26,-13,12,5,17,17,13,30,0.438,8.28,-0.33,25.33,-2.01,2.79,-0.55,2014,0
257,411.1,301.6,109.5,27.3,353.4,253.1,100.3,23.0,35,758,21.7,41,0,32,321,10.0,71,1,16,0,11,10,21,10,11,21,0.647,8.63,1.73,25.52,-0.15,2.75,-0.89,2014,1
258,406.6,305.9,100.8,28.6,342.7,229.3,113.4,23.1,38,1065,28.0,76,0,45,312,6.9,22,0,25,-5,12,14,26,16,15,31,0.684,8.84,2.81,25.2,1.24,2.76,0.22,2014,1
259,402.9,291.3,111.6,30.1,305.2,225.4,79.8,22.1,32,802,25.1,77,0,41,296,7.2,22,0,28,5,18,7,25,15,5,20,0.706,8.91,5.91,28.83,0.71,2.71,1.51,2014,1
260,396.8,272.3,124.5,29.6,375.6,264.9,110.7,25.0,32,874,27.3,107,2,41,531,13.0,82,2,21,-8,12,16,28,21,15,36,0.625,8.63,2.3,27.74,-1.81,2.65,-0.1,2014,0
261,386.1,266.3,119.8,30.4,346.4,226.4,119.9,21.8,29,555,19.1,41,0,29,333,11.5,75,2,12,14,18,9,27,6,7,13,0.722,9.0,5.85,28.42,1.06,2.8,1.58,2014,1
262,383.6,236.5,147.1,29.2,355.1,251.9,103.1,22.0,33,790,23.9,42,0,30,275,9.2,38,0,13,6,18,13,31,11,14,25,0.722,8.84,3.98,27.47,0.15,2.67,-0.46,2014,1
263,378.2,284.6,93.6,23.8,398.3,279.9,118.4,26.1,50,1174,23.5,66,0,18,239,13.3,68,1,11,5,16,12,28,15,8,23,0.375,8.14,-2.08,24.09,-2.54,2.67,-0.73,2014,0
264,375.8,203.1,172.6,24.6,267.1,185.6,81.5,15.9,39,820,21.0,47,0,36,252,7.0,38,0,28,9,13,10,23,7,7,14,0.737,9.14,8.51,25.73,6.42,2.82,0.58,2014,1
265,367.2,267.0,100.2,23.8,375.8,240.6,135.1,25.0,44,1025,23.3,45,0,29,224,7.7,25,0,27,-3,17,8,25,14,14,28,0.375,8.17,-1.23,23.7,-1.29,2.64,-0.75,2014,0
266,365.5,257.6,107.9,29.3,344.1,239.8,104.3,19.6,31,693,22.4,81,0,41,431,10.5,84,1,11,12,16,9,25,9,4,13,0.789,9.37,11.09,31.34,3.38,2.78,2.34,2014,1
267,364.9,238.7,126.2,25.6,336.9,248.7,88.3,18.9,38,1077,28.3,108,1,32,292,9.1,45,0,23,2,11,11,22,12,8,20,0.611,8.78,5.21,25.81,3.04,2.76,-0.16,2014,1
268,358.6,252.9,105.7,18.8,357.0,249.4,107.6,27.4,36,783,21.8,45,0,29,208,7.2,37,0,27,-12,7,12,19,18,13,31,0.25,7.81,-7.11,19.8,-3.28,2.54,-0.85,2014,0
269,350.1,233.1,117.0,24.3,343.4,222.3,121.1,23.3,41,1082,26.4,74,0,25,204,8.2,32,0,19,2,14,11,25,12,11,23,0.5,8.46,0.46,24.67,-0.57,2.61,0.78,2014,0
270,348.0,213.8,134.2,22.8,359.3,243.0,116.3,21.5,45,1241,27.6,97,0,40,436,10.9,49,0,15,0,20,6,26,17,9,26,0.618,8.6,0.98,22.91,1.72,2.69,0.09,2014,1
271,346.7,219.4,127.3,21.2,339.8,227.8,112.0,23.4,37,805,21.8,49,0,30,239,8.0,79,1,26,3,14,12,26,12,11,23,0.472,8.44,-0.49,22.14,1.01,2.62,0.27,2014,1
272,344.6,209.5,135.1,23.3,348.2,243.1,105.1,19.2,20,422,21.1,41,0,34,208,6.1,21,0,28,12,20,14,34,13,9,22,0.563,8.45,0.25,21.66,2.23,2.67,-2.33,2014,0
273,341.6,256.1,85.4,21.8,338.3,214.2,124.1,21.8,26,577,22.2,35,0,23,203,8.8,58,0,18,-5,7,11,18,18,5,23,0.563,8.6,0.97,23.26,1.35,2.7,1.05,2014,0
274,340.8,251.9,88.9,20.1,300.9,231.6,69.3,17.6,25,612,24.5,41,0,32,284,8.9,28,0,37,7,20,7,27,12,8,20,0.647,8.71,1.11,20.98,3.77,2.73,0.01,2014,1
275,327.4,191.4,136.0,19.1,321.4,220.7,100.8,21.3,45,1104,24.5,57,0,35,227,6.5,23,0,13,7,23,6,29,10,12,22,0.5,8.51,0.75,21.5,2.89,2.72,0.6,2014,0
276,327.1,237.0,90.1,19.9,377.1,264.4,112.7,27.6,55,1290,23.5,101,1,21,109,5.2,22,0,13,-5,14,10,24,19,10,29,0.313,8.06,-4.41,21.24,-2.0,2.64,0.61,2014,0
277,326.6,184.1,142.5,17.7,327.2,234.1,93.1,25.1,58,1342,23.1,87,0,43,273,6.3,41,0,20,-11,6,7,13,15,9,24,0.25,8.04,-3.27,20.07,0.3,2.65,1.2,2014,0
278,324.6,216.6,108.0,18.7,366.1,224.5,141.6,21.1,37,801,21.6,39,0,27,181,6.7,37,0,25,6,21,8,29,16,7,23,0.438,8.24,-3.53,19.08,1.03,2.61,-0.84,2014,0
279,319.8,238.0,81.8,19.4,368.2,259.5,108.7,18.7,22,417,19.0,43,0,26,277,10.7,71,1,24,8,18,7,25,12,5,17,0.647,8.72,0.4,20.56,3.48,2.74,0.98,2014,1
280,318.8,198.9,119.9,22.1,330.5,203.3,127.3,17.6,51,1430,28.0,99,1,50,605,12.1,81,1,4,-4,6,7,13,6,11,17,0.563,8.66,2.66,22.06,4.24,2.61,0.52,2014,0
281,318.5,225.9,92.6,21.4,312.2,205.8,106.4,18.1,33,770,23.3,102,1,37,354,9.6,75,1,18,7,19,11,30,13,10,23,0.563,8.64,2.17,22.05,3.75,2.74,0.64,2014,0
282,315.5,202.8,112.8,20.3,344.7,223.3,121.4,21.4,54,1173,21.7,51,0,27,297,11.0,35,0,26,-1,13,6,19,18,2,20,0.438,8.33,-1.05,21.52,1.06,2.72,-0.27,2014,0
283,314.7,212.5,102.2,20.3,351.6,241.3,110.3,22.1,45,1099,24.4,75,0,37,482,13.0,90,2,24,-2,13,12,25,16,11,27,0.375,8.27,-1.34,21.23,1.06,2.65,0.78,2014,0
284,303.7,213.3,90.4,15.9,373.0,235.8,137.2,27.4,48,1121,23.4,52,0,30,207,6.9,48,0,18,-10,12,4,16,16,10,26,0.125,7.53,-9.47,17.18,-3.0,2.63,-0.73,2014,0
285,292.0,206.1,85.9,17.3,368.9,255.3,113.7,25.6,36,819,22.8,45,0,23,249,10.8,53,0,17,-8,14,11,25,20,13,33,0.125,7.67,-6.52,17.87,-0.75,2.55,-0.27,2014,0
286,289.6,187.6,102.1,15.6,370.8,243.7,127.1,25.8,43,1033,24.0,40,0,37,264,7.1,23,0,15,-6,6,14,20,18,8,26,0.188,7.71,-8.71,16.48,-1.56,2.61,-0.31,2014,0
287,282.2,204.7,77.5,15.8,357.6,238.1,119.4,28.3,47,1027,21.9,42,0,37,261,7.1,27,0,17,-15,9,5,14,16,13,29,0.188,7.79,-7.59,19.66,-3.62,2.6,1.82,2014,0
